species_name,taxonomic_family,taxonomic_order,asdawas,beak_length,weight_g,nocturnal_diurnal,brrrrkk,diet_types,closest_relatives,latitude,longitude,altitude_m,habitat_type,weather_condition,temperature_c,observation_time,diet_dict,primary_diet,is_nocturnal,blwl
Haemorhous mexicanus,Fringillidae,Passeriformes,8.91156072292315,1.2084595336364423,22.63545835787437,Diurnal,2025-07-20,{'seeds': 1.0},"['Haemorhous purpureus', 'Haemorhous cassinii']",32.346401128781864,-91.0332914317774,557.0704794605397,Urban,Cloudy,19.23505378184511,07:55,{'seeds': 1.0},seeds,False,0.05338789763080041
Pica pica,Corvidae,Passeriformes,18.831008742960407,3.464735162654236,221.9276595225436,Diurnal,2024-12-20,"{'insects': 0.5, 'carrion': 0.3, 'seeds': 0.2}",['Pica hudsonia'],38.44235705433985,-123.20837942455418,716.3898689319495,Grassland,Windy,26.60126383416036,15:12,"{'insects': 0.5, 'carrion': 0.3, 'seeds': 0.2}",insects,False,0.015612002443085672
Pica pica,Corvidae,Passeriformes,21.63353417277567,3.5949562606268004,230.1582173720443,Diurnal,2025-01-03,"{'insects': 0.5, 'carrion': 0.3, 'seeds': 0.2}",['Pica hudsonia'],43.831044771135495,-90.37110890379113,206.67436170278563,Grassland,Clear,20.507738467172867,11:50,"{'insects': 0.5, 'carrion': 0.3, 'seeds': 0.2}",insects,False,0.015619499932151691
Pica pica,Corvidae,Passeriformes,23.18382963142322,3.4700125485006303,158.51419855774503,Diurnal,2025-08-21,"{'insects': 0.5, 'carrion': 0.3, 'seeds': 0.2}",['Pica hudsonia'],28.62626825134244,-76.05409117462847,481.6403826849296,Grassland,Windy,22.431281513307184,11:53,"{'insects': 0.5, 'carrion': 0.3, 'seeds': 0.2}",insects,False,0.021890862648726965
Haemorhous mexicanus,Fringillidae,Passeriformes,10.638866645642471,1.0719910850988563,23.33667479751527,Diurnal,2025-03-31,{'seeds': 1.0},"['Haemorhous purpureus', 'Haemorhous cassinii']",35.5141087396012,-93.53213903440076,406.6672733731132,Urban,Windy,19.5393255598623,13:14,{'seeds': 1.0},seeds,False,0.045935896797644656
Strix varia,Strigidae,Strigiformes,37.33262552997259,4.585921518980133,713.3383593726572,Nocturnal,2025-07-27,"{'insects': 0.6, 'rodents': 0.4}","['Strix aluco', 'Strix occidentalis']",40.0670793699089,-124.4383530281495,427.64883332309927,Forest,Rainy,14.59209521544662,19:09,"{'insects': 0.6, 'rodents': 0.4}",insects,True,0.006428816646020837
Gavia immer,Gaviidae,Gaviiformes,71.67413910477201,9.29676679607718,4111.217366919279,Diurnal,2025-03-27,"{'fish': 0.9, 'crustaceans': 0.1}",['Gavia adamsii'],37.058693018542826,-112.41847582377966,176.6978464771667,Wetland,Clear,25.79332688481542,10:49,"{'fish': 0.9, 'crustaceans': 0.1}",fish,False,0.0022613172611312612
Cygnus olor,Anatidae,Anseriformes,126.71375640094358,9.40921422520799,11168.703357543747,Diurnal,2025-01-27,"{'plants': 0.9, 'insects': 0.1}",['Cygnus atratus'],27.430517430428058,-91.77727696845596,166.34122569283946,Wetland,Rainy,19.647419508922013,08:30,"{'plants': 0.9, 'insects': 0.1}",plants,False,0.0008424625423373488
Gavia immer,Gaviidae,Gaviiformes,67.97931055986457,9.245940487245363,4122.460164771496,Diurnal,2025-02-10,"{'fish': 0.9, 'crustaceans': 0.1}",['Gavia adamsii'],47.50311302168022,-70.45498297940884,199.71972663220063,Wetland,Rainy,18.210155649984884,16:35,"{'fish': 0.9, 'crustaceans': 0.1}",fish,False,0.002242821062591846
Gavia immer,Gaviidae,Gaviiformes,65.97944177598126,10.009747283891056,5330.661504809291,Diurnal,2025-02-15,"{'fish': 0.9, 'crustaceans': 0.1}",['Gavia adamsii'],30.46566681044924,-99.84135513288405,72.68022410191931,Wetland,Clear,22.66263984383508,12:37,"{'fish': 0.9, 'crustaceans': 0.1}",fish,False,0.0018777683172830093
Gavia immer,Gaviidae,Gaviiformes,67.01345272263245,9.2948597275039,4321.018113347685,Diurnal,2025-04-04,"{'fish': 0.9, 'crustaceans': 0.1}",['Gavia adamsii'],24.73085591487472,-76.76699524075056,83.1253713607309,Wetland,Foggy,14.738438837338984,14:39,"{'fish': 0.9, 'crustaceans': 0.1}",fish,False,0.002151080945204082
Strix varia,Strigidae,Strigiformes,35.17036297578529,4.407034383070856,690.9731228680185,Nocturnal,2025-06-01,"{'insects': 0.6, 'rodents': 0.4}","['Strix aluco', 'Strix occidentalis']",48.17224864233819,-81.6429164960241,554.0377054935419,Forest,Cloudy,24.41310459162616,00:33,"{'insects': 0.6, 'rodents': 0.4}",insects,True,0.00637801129626953
Gavia immer,Gaviidae,Gaviiformes,70.59266748199667,9.351398134028289,4940.126774767945,Diurnal,2025-03-23,"{'fish': 0.9, 'crustaceans': 0.1}",['Gavia adamsii'],46.79001790978989,-110.11054589529834,205.04391036195057,Wetland,Foggy,15.845137804506358,13:24,"{'fish': 0.9, 'crustaceans': 0.1}",fish,False,0.001892946995164422
Cygnus olor,Anatidae,Anseriformes,120.81718090630744,9.424229410454677,10974.050418419443,Diurnal,2025-08-25,"{'plants': 0.9, 'insects': 0.1}",['Cygnus atratus'],34.78474875348691,-123.90463915182234,182.3701429926614,Wetland,Windy,30.213072410210827,13:13,"{'plants': 0.9, 'insects': 0.1}",plants,False,0.0008587740215441819
Gavia immer,Gaviidae,Gaviiformes,70.37152240086678,9.675667245308036,4657.589375945298,Diurnal,2025-06-19,"{'fish': 0.9, 'crustaceans': 0.1}",['Gavia adamsii'],46.5533744773511,-87.02620476205398,120.4615473985878,Wetland,Clear,19.476944952676348,06:18,"{'fish': 0.9, 'crustaceans': 0.1}",fish,False,0.002077398083927112
Strix varia,Strigidae,Strigiformes,35.526082675883536,4.16147327105902,763.4979959746294,Nocturnal,2024-10-06,"{'insects': 0.6, 'rodents': 0.4}","['Strix aluco', 'Strix occidentalis']",28.316457310480565,-74.79738987157874,162.90189828081606,Forest,Cloudy,18.96218835538182,23:25,"{'insects': 0.6, 'rodents': 0.4}",insects,True,0.0054505359450836115
Cygnus olor,Anatidae,Anseriformes,116.30380856254946,10.307629940178693,10604.807043100143,Diurnal,2024-09-14,"{'plants': 0.9, 'insects': 0.1}",['Cygnus atratus'],30.45662360277728,-91.50005937868394,109.2351966493226,Wetland,Clear,20.93030509636543,12:48,"{'plants': 0.9, 'insects': 0.1}",plants,False,0.0009719771324726927
Gavia immer,Gaviidae,Gaviiformes,76.50128680890559,9.331412381789033,4439.515122218096,Diurnal,2024-11-11,"{'fish': 0.9, 'crustaceans': 0.1}",['Gavia adamsii'],35.73600941105657,-81.03674978486693,56.67360216363048,Wetland,Clear,17.862005112254625,15:07,"{'fish': 0.9, 'crustaceans': 0.1}",fish,False,0.0021018989968271174
Strix varia,Strigidae,Strigiformes,32.86739766234662,4.397718281766266,688.3043921835621,Nocturnal,2025-09-06,"{'insects': 0.6, 'rodents': 0.4}","['Strix aluco', 'Strix occidentalis']",27.945068412823424,-72.19709434182323,442.5070797902234,Forest,Cloudy,9.474679259513444,21:29,"{'insects': 0.6, 'rodents': 0.4}",insects,True,0.0063892056068609974
Pica pica,Corvidae,Passeriformes,18.26771342112966,3.5673716841884224,207.5749551557448,Diurnal,2024-12-12,"{'insects': 0.5, 'carrion': 0.3, 'seeds': 0.2}",['Pica hudsonia'],28.157708899419063,-115.1974688866432,329.854895106704,Grassland,Rainy,16.4838844954817,16:03,"{'insects': 0.5, 'carrion': 0.3, 'seeds': 0.2}",insects,False,0.017185944621844196
Cygnus olor,Anatidae,Anseriformes,118.71334434397778,9.986410785592971,12968.40815190228,Diurnal,2025-01-02,"{'plants': 0.9, 'insects': 0.1}",['Cygnus atratus'],38.31446276874972,-84.20661085918651,121.93810232983576,Wetland,Foggy,14.985069354196654,16:25,"{'plants': 0.9, 'insects': 0.1}",plants,False,0.0007700567925237692
Pica pica,Corvidae,Passeriformes,18.2131001222482,3.1362407367890097,201.539875915906,Diurnal,2025-02-01,"{'insects': 0.5, 'carrion': 0.3, 'seeds': 0.2}",['Pica hudsonia'],28.398773923563184,-123.01095841075396,325.0635657277045,Grassland,Clear,29.627449379766027,13:46,"{'insects': 0.5, 'carrion': 0.3, 'seeds': 0.2}",insects,False,0.015561390630693993
Strix varia,Strigidae,Strigiformes,36.73250435376591,4.458351651049404,705.1090936223959,Nocturnal,2025-02-03,"{'insects': 0.6, 'rodents': 0.4}","['Strix aluco', 'Strix occidentalis']",33.653303729281475,-71.52819033974961,685.0429136012613,Forest,Windy,28.892850427888938,21:18,"{'insects': 0.6, 'rodents': 0.4}",insects,True,0.006322924624536138
Gavia immer,Gaviidae,Gaviiformes,72.775620068724,9.36191851803561,4152.377758874668,Diurnal,2025-08-27,"{'fish': 0.9, 'crustaceans': 0.1}",['Gavia adamsii'],39.37815759811585,-121.603713285319,242.05364230852896,Wetland,Rainy,14.857645360104463,18:01,"{'fish': 0.9, 'crustaceans': 0.1}",fish,False,0.002254592202751027
Pica pica,Corvidae,Passeriformes,20.909784199842527,3.5522044765824714,211.03503099072435,Diurnal,2024-12-20,"{'insects': 0.5, 'carrion': 0.3, 'seeds': 0.2}",['Pica hudsonia'],24.613368401738875,-78.5624245245534,285.62317510803496,Grassland,Rainy,20.089452809550423,13:30,"{'insects': 0.5, 'carrion': 0.3, 'seeds': 0.2}",insects,False,0.016832297746522482
Pica pica,Corvidae,Passeriformes,20.207460881366806,3.671951802581874,219.6960904829617,Diurnal,2025-08-08,"{'insects': 0.5, 'carrion': 0.3, 'seeds': 0.2}",['Pica hudsonia'],28.307797763246263,-121.38921207967256,297.1483661878494,Grassland,Rainy,20.22775778908943,09:35,"{'insects': 0.5, 'carrion': 0.3, 'seeds': 0.2}",insects,False,0.016713778540663873
Gavia immer,Gaviidae,Gaviiformes,77.98280217415291,8.74663031316906,4560.806711500423,Diurnal,2025-05-03,"{'fish': 0.9, 'crustaceans': 0.1}",['Gavia adamsii'],28.522896969338795,-101.88512641519397,155.96885132766036,Wetland,Rainy,15.2725066874697,06:41,"{'fish': 0.9, 'crustaceans': 0.1}",fish,False,0.0019177814072045111
Cygnus olor,Anatidae,Anseriformes,114.89320498552418,11.145849821257912,13358.65807533704,Diurnal,2024-10-22,"{'plants': 0.9, 'insects': 0.1}",['Cygnus atratus'],40.3130310233513,-124.19491115002094,161.76801255630002,Wetland,Windy,20.92429095848637,10:50,"{'plants': 0.9, 'insects': 0.1}",plants,False,0.0008343540016070589
Gavia immer,Gaviidae,Gaviiformes,62.70326917073853,9.818604662201109,3953.246763517856,Diurnal,2025-04-01,"{'fish': 0.9, 'crustaceans': 0.1}",['Gavia adamsii'],27.56676284942835,-110.25473858988876,210.29836126221952,Wetland,Foggy,24.383282987548032,13:47,"{'fish': 0.9, 'crustaceans': 0.1}",fish,False,0.0024836811991629576
Gavia immer,Gaviidae,Gaviiformes,71.53212556576149,9.763727157644327,4231.558505369329,Diurnal,2025-03-20,"{'fish': 0.9, 'crustaceans': 0.1}",['Gavia adamsii'],39.059826722221615,-106.75512850321851,119.38080779309227,Wetland,Rainy,11.679461100519475,18:16,"{'fish': 0.9, 'crustaceans': 0.1}",fish,False,0.00230735960409276
Gavia immer,Gaviidae,Gaviiformes,70.21803630934411,9.98029302201001,4326.280100250404,Diurnal,2025-01-02,"{'fish': 0.9, 'crustaceans': 0.1}",['Gavia adamsii'],47.71380396478047,-107.94194542788048,131.17592815843977,Wetland,Clear,18.474682681872856,11:11,"{'fish': 0.9, 'crustaceans': 0.1}",fish,False,0.0023068994125998343
Pica pica,Corvidae,Passeriformes,19.87622671169276,3.14899190566589,192.41637164424944,Diurnal,2025-04-06,"{'insects': 0.5, 'carrion': 0.3, 'seeds': 0.2}",['Pica hudsonia'],41.94536457157619,-93.7994237809344,89.28369085288807,Grassland,Cloudy,25.602836092864308,06:37,"{'insects': 0.5, 'carrion': 0.3, 'seeds': 0.2}",insects,False,0.016365509227499252
Strix varia,Strigidae,Strigiformes,32.05088452278996,4.541594424581118,681.1054005591102,Nocturnal,2025-02-26,"{'insects': 0.6, 'rodents': 0.4}","['Strix aluco', 'Strix occidentalis']",24.554931204877786,-115.42390377870665,728.9565351658364,Forest,Rainy,12.533334787644907,05:51,"{'insects': 0.6, 'rodents': 0.4}",insects,True,0.006667975941540009
Haemorhous mexicanus,Fringillidae,Passeriformes,11.003118016780212,1.2073149881411984,26.223407482383102,Diurnal,2025-05-14,{'seeds': 1.0},"['Haemorhous purpureus', 'Haemorhous cassinii']",27.04188364895674,-117.5028619491603,544.4039272123497,Urban,Cloudy,18.42344317089904,07:26,{'seeds': 1.0},seeds,False,0.04603959225940692
Gavia immer,Gaviidae,Gaviiformes,70.28017972467897,9.938854366451404,4719.110736721126,Diurnal,2025-08-22,"{'fish': 0.9, 'crustaceans': 0.1}",['Gavia adamsii'],30.465185289473812,-123.14157135086208,220.7548242572705,Wetland,Cloudy,19.71292486291626,14:19,"{'fish': 0.9, 'crustaceans': 0.1}",fish,False,0.0021060862778899303
Gavia immer,Gaviidae,Gaviiformes,64.82938191659314,9.329145828504222,4393.683316257049,Diurnal,2025-07-27,"{'fish': 0.9, 'crustaceans': 0.1}",['Gavia adamsii'],48.51783989084923,-121.76591472051496,203.358620792505,Wetland,Foggy,17.41520147883686,06:05,"{'fish': 0.9, 'crustaceans': 0.1}",fish,False,0.0021233086585884533
Pica pica,Corvidae,Passeriformes,22.82051977538373,3.3122172693899232,170.3499539327544,Diurnal,2025-08-27,"{'insects': 0.5, 'carrion': 0.3, 'seeds': 0.2}",['Pica hudsonia'],32.1977210665944,-71.29614983628818,548.8972716805566,Grassland,Windy,19.18632899600954,18:27,"{'insects': 0.5, 'carrion': 0.3, 'seeds': 0.2}",insects,False,0.019443605313197915
Gavia immer,Gaviidae,Gaviiformes,71.46085789587063,9.282715443692652,4637.926137626617,Diurnal,2025-05-25,"{'fish': 0.9, 'crustaceans': 0.1}",['Gavia adamsii'],25.956846100406885,-84.56511220181646,116.09936568318562,Wetland,Windy,27.502092639935256,06:50,"{'fish': 0.9, 'crustaceans': 0.1}",fish,False,0.002001479792527039
Haemorhous mexicanus,Fringillidae,Passeriformes,8.1504686218003,1.2572209664241067,18.926730481611937,Diurnal,2025-06-21,{'seeds': 1.0},"['Haemorhous purpureus', 'Haemorhous cassinii']",38.13723646306428,-99.5341648038412,382.36022155591286,Urban,Cloudy,22.48841942208057,08:26,{'seeds': 1.0},seeds,False,0.06642568126838105
Haemorhous mexicanus,Fringillidae,Passeriformes,9.603125661534758,1.2396502067797683,24.188243984924693,Diurnal,2024-09-25,{'seeds': 1.0},"['Haemorhous purpureus', 'Haemorhous cassinii']",35.59283725610865,-106.98880381014854,0.0,Urban,Rainy,14.061656519269574,18:39,{'seeds': 1.0},seeds,False,0.051250111729994934
Haemorhous mexicanus,Fringillidae,Passeriformes,9.645072166333485,1.2642599183637366,30.041439008457814,Diurnal,2025-03-16,{'seeds': 1.0},"['Haemorhous purpureus', 'Haemorhous cassinii']",30.92765768751529,-104.52023586169652,80.82680766115783,Urban,Cloudy,21.469526708364988,06:09,{'seeds': 1.0},seeds,False,0.04208386682168584
Strix varia,Strigidae,Strigiformes,35.67299681549403,4.104597801392907,816.5743907423414,Nocturnal,2024-12-18,"{'insects': 0.6, 'rodents': 0.4}","['Strix aluco', 'Strix occidentalis']",47.23100824813338,-71.43166939499957,252.47277471779145,Forest,Clear,29.076294692834608,00:16,"{'insects': 0.6, 'rodents': 0.4}",insects,True,0.005026606085039538
Cygnus olor,Anatidae,Anseriformes,109.5159667136124,10.79795980481478,12269.85526259258,Diurnal,2025-07-21,"{'plants': 0.9, 'insects': 0.1}",['Cygnus atratus'],34.739608790678304,-81.82620749304519,48.362270795780994,Wetland,Windy,15.055638213887915,17:29,"{'plants': 0.9, 'insects': 0.1}",plants,False,0.0008800397049291034
Cygnus olor,Anatidae,Anseriformes,119.2080285065365,10.14425804594539,11431.296613349235,Diurnal,2025-01-06,"{'plants': 0.9, 'insects': 0.1}",['Cygnus atratus'],33.83559373055409,-101.50645734200128,162.84640602876817,Wetland,Cloudy,16.866570915710334,12:19,"{'plants': 0.9, 'insects': 0.1}",plants,False,0.0008874109726187257
Strix varia,Strigidae,Strigiformes,28.493245860902167,4.260267753050837,705.6063074226012,Nocturnal,2025-09-06,"{'insects': 0.6, 'rodents': 0.4}","['Strix aluco', 'Strix occidentalis']",29.202861357238017,-108.62889123987851,457.6499798683189,Forest,Foggy,17.587497660927824,21:27,"{'insects': 0.6, 'rodents': 0.4}",insects,True,0.006037740462684499
Haemorhous mexicanus,Fringillidae,Passeriformes,10.08557483398082,1.060260597164809,17.41044773755346,Diurnal,2025-05-30,{'seeds': 1.0},"['Haemorhous purpureus', 'Haemorhous cassinii']",42.46776818516834,-111.78178557569494,605.485934608083,Urban,Rainy,18.70320414929306,18:10,{'seeds': 1.0},seeds,False,0.06089795122717494
Pica pica,Corvidae,Passeriformes,20.72728662307667,3.448356258885729,236.1345578036951,Diurnal,2025-01-08,"{'insects': 0.5, 'carrion': 0.3, 'seeds': 0.2}",['Pica hudsonia'],30.818305439879268,-106.94484022302412,750.8667728680289,Grassland,Foggy,16.075906675277224,12:12,"{'insects': 0.5, 'carrion': 0.3, 'seeds': 0.2}",insects,False,0.014603352812731623
Cygnus olor,Anatidae,Anseriformes,112.40664540736246,9.872677199214635,13958.058605621289,Diurnal,2024-09-19,"{'plants': 0.9, 'insects': 0.1}",['Cygnus atratus'],24.20178591688646,-86.20557541442375,73.1012920207278,Wetland,Cloudy,21.600050762676343,12:46,"{'plants': 0.9, 'insects': 0.1}",plants,False,0.0007073101982276132
Gavia immer,Gaviidae,Gaviiformes,56.12173323330423,9.890865129817367,4874.446430575147,Diurnal,2024-12-29,"{'fish': 0.9, 'crustaceans': 0.1}",['Gavia adamsii'],38.42006665819346,-70.04864132256054,179.18274242691672,Wetland,Cloudy,20.180576917201403,16:07,"{'fish': 0.9, 'crustaceans': 0.1}",fish,False,0.002029125823965681
Pica pica,Corvidae,Passeriformes,23.763160054331063,3.628997505633816,244.4315796085411,Diurnal,2025-02-10,"{'insects': 0.5, 'carrion': 0.3, 'seeds': 0.2}",['Pica hudsonia'],29.37199812895304,-67.73579528302204,466.4322140793164,Grassland,Clear,25.28042806975057,15:42,"{'insects': 0.5, 'carrion': 0.3, 'seeds': 0.2}",insects,False,0.014846680250750255
Haemorhous mexicanus,Fringillidae,Passeriformes,9.17316243999564,1.3295613934475496,15.228374218625271,Diurnal,2024-12-16,{'seeds': 1.0},"['Haemorhous purpureus', 'Haemorhous cassinii']",42.14103274168144,-112.03341648388944,610.9745721105704,Urban,Windy,21.043166647075815,18:57,{'seeds': 1.0},seeds,False,0.08730816398124833
Cygnus olor,Anatidae,Anseriformes,108.04646806438676,10.323577292770617,11196.263499522,Diurnal,2025-02-02,"{'plants': 0.9, 'insects': 0.1}",['Cygnus atratus'],27.202705369326026,-119.72699845859955,145.32213210379444,Wetland,Clear,15.312504034175872,12:15,"{'plants': 0.9, 'insects': 0.1}",plants,False,0.0009220555851701203
Pica pica,Corvidae,Passeriformes,22.891641919177616,3.2377973906991655,242.51649992500165,Diurnal,2025-08-08,"{'insects': 0.5, 'carrion': 0.3, 'seeds': 0.2}",['Pica hudsonia'],34.82752054746601,-76.38132932478902,366.972983086114,Grassland,Clear,14.473501347416448,15:37,"{'insects': 0.5, 'carrion': 0.3, 'seeds': 0.2}",insects,False,0.013350833414223181
Strix varia,Strigidae,Strigiformes,35.28154379470322,3.683519746373676,736.3355322404531,Nocturnal,2025-04-12,"{'insects': 0.6, 'rodents': 0.4}","['Strix aluco', 'Strix occidentalis']",27.231767788427355,-67.49425034467345,483.334561369409,Forest,Foggy,12.165480411115302,19:06,"{'insects': 0.6, 'rodents': 0.4}",insects,True,0.005002501692626195
Haemorhous mexicanus,Fringillidae,Passeriformes,10.259613727614145,1.1468903549108722,24.28709027248209,Diurnal,2024-10-30,{'seeds': 1.0},"['Haemorhous purpureus', 'Haemorhous cassinii']",45.8704516688274,-95.92018097526032,826.1280106137772,Urban,Rainy,14.905975033794729,12:13,{'seeds': 1.0},seeds,False,0.04722222143713647
Haemorhous mexicanus,Fringillidae,Passeriformes,9.961590160928742,1.2094660743695538,23.69252251100653,Diurnal,2024-11-19,{'seeds': 1.0},"['Haemorhous purpureus', 'Haemorhous cassinii']",32.70940929947965,-73.147692244876,393.1804647292743,Urban,Windy,14.954320497115512,18:11,{'seeds': 1.0},seeds,False,0.05104842989207619
Cygnus olor,Anatidae,Anseriformes,113.93982503054882,10.055154354438146,12084.804105188508,Diurnal,2025-08-18,"{'plants': 0.9, 'insects': 0.1}",['Cygnus atratus'],33.802385789518695,-105.78762035750884,115.2019617665644,Wetland,Clear,23.73877383306163,13:39,"{'plants': 0.9, 'insects': 0.1}",plants,False,0.0008320494289287694
Gavia immer,Gaviidae,Gaviiformes,70.38811296424802,9.449883029213614,4852.507620829359,Diurnal,2025-09-04,"{'fish': 0.9, 'crustaceans': 0.1}",['Gavia adamsii'],24.137003552840643,-82.83387557364868,114.23831850594634,Wetland,Cloudy,14.416692694434929,13:51,"{'fish': 0.9, 'crustaceans': 0.1}",fish,False,0.0019474226044798053
Haemorhous mexicanus,Fringillidae,Passeriformes,10.732555699872972,1.1764947117304938,21.686557424055692,Diurnal,2025-03-15,{'seeds': 1.0},"['Haemorhous purpureus', 'Haemorhous cassinii']",44.40314883228966,-85.90720954677275,268.5992639573126,Urban,Foggy,8.869435706015231,10:15,{'seeds': 1.0},seeds,False,0.05424995257317668
Haemorhous mexicanus,Fringillidae,Passeriformes,11.248576735920338,1.1807288262903304,19.031772775262297,Diurnal,2024-12-28,{'seeds': 1.0},"['Haemorhous purpureus', 'Haemorhous cassinii']",45.32475184916607,-103.87700465591116,337.29780376372685,Urban,Windy,16.023510360403613,16:52,{'seeds': 1.0},seeds,False,0.062039876170918475
Pica pica,Corvidae,Passeriformes,19.85491664805383,3.644320431546495,308.9789672550422,Diurnal,2024-09-23,"{'insects': 0.5, 'carrion': 0.3, 'seeds': 0.2}",['Pica hudsonia'],27.431355436004427,-102.89841110974191,578.2753625705082,Grassland,Windy,18.912093621716267,14:59,"{'insects': 0.5, 'carrion': 0.3, 'seeds': 0.2}",insects,False,0.011794720087009493
Gavia immer,Gaviidae,Gaviiformes,69.80207222131875,9.913177704376617,4702.868555780583,Diurnal,2024-10-06,"{'fish': 0.9, 'crustaceans': 0.1}",['Gavia adamsii'],47.47919454015829,-110.64957878365898,315.525782637847,Wetland,Foggy,15.779528908829674,15:24,"{'fish': 0.9, 'crustaceans': 0.1}",fish,False,0.0021079002287214097
Haemorhous mexicanus,Fringillidae,Passeriformes,10.16519994476696,1.2006209084294224,23.38030955446474,Diurnal,2025-04-15,{'seeds': 1.0},"['Haemorhous purpureus', 'Haemorhous cassinii']",41.70747534701093,-79.33882395019697,381.4137508686428,Urban,Windy,15.997831440721711,08:26,{'seeds': 1.0},seeds,False,0.05135179693119803
Gavia immer,Gaviidae,Gaviiformes,73.9222272386382,9.764751141407276,4775.354649842938,Diurnal,2024-12-02,"{'fish': 0.9, 'crustaceans': 0.1}",['Gavia adamsii'],31.058064943492543,-109.04933275045772,165.3640934279323,Wetland,Cloudy,23.965784874407056,14:51,"{'fish': 0.9, 'crustaceans': 0.1}",fish,False,0.0020448221875475655
Gavia immer,Gaviidae,Gaviiformes,70.16877623985295,9.662698465632884,4006.9853523803417,Diurnal,2025-08-09,"{'fish': 0.9, 'crustaceans': 0.1}",['Gavia adamsii'],39.87513862072283,-96.95310384200432,214.49113807322917,Wetland,Foggy,14.57369846380421,09:45,"{'fish': 0.9, 'crustaceans': 0.1}",fish,False,0.002411463386032289
Strix varia,Strigidae,Strigiformes,38.32867218913009,4.28431823495733,668.709608486786,Nocturnal,2025-01-27,"{'insects': 0.6, 'rodents': 0.4}","['Strix aluco', 'Strix occidentalis']",31.874853614625177,-116.8009845916595,405.7029903812932,Forest,Foggy,17.341119568443936,20:28,"{'insects': 0.6, 'rodents': 0.4}",insects,True,0.0064068441377001534
Strix varia,Strigidae,Strigiformes,33.24581651229651,4.067113210755571,761.6055413307787,Nocturnal,2025-03-21,"{'insects': 0.6, 'rodents': 0.4}","['Strix aluco', 'Strix occidentalis']",40.53842566036104,-99.78941645537464,839.0023604498053,Forest,Foggy,19.38540961911942,00:59,"{'insects': 0.6, 'rodents': 0.4}",insects,True,0.005340183323310607
Strix varia,Strigidae,Strigiformes,36.94703180111805,4.6072808420263325,704.3237298965573,Nocturnal,2024-10-03,"{'insects': 0.6, 'rodents': 0.4}","['Strix aluco', 'Strix occidentalis']",28.39897050908918,-81.12704434079862,376.1143455468321,Forest,Foggy,14.689944543215145,19:09,"{'insects': 0.6, 'rodents': 0.4}",insects,True,0.006541424981809139
Haemorhous mexicanus,Fringillidae,Passeriformes,10.11400043874207,1.088979740192591,25.789510127827302,Diurnal,2025-06-11,{'seeds': 1.0},"['Haemorhous purpureus', 'Haemorhous cassinii']",41.89262850512555,-104.70208504352269,606.7119548562187,Urban,Cloudy,16.572966820374038,11:13,{'seeds': 1.0},seeds,False,0.04222568535792248
Gavia immer,Gaviidae,Gaviiformes,61.59700171745425,9.662754519898304,4290.015629756622,Diurnal,2025-01-24,"{'fish': 0.9, 'crustaceans': 0.1}",['Gavia adamsii'],39.923717052221335,-78.54088465824705,58.64828867245734,Wetland,Rainy,20.40614324093953,17:00,"{'fish': 0.9, 'crustaceans': 0.1}",fish,False,0.0022523821248750285
Strix varia,Strigidae,Strigiformes,35.33280049209287,4.117151878752927,620.590514952183,Nocturnal,2024-09-25,"{'insects': 0.6, 'rodents': 0.4}","['Strix aluco', 'Strix occidentalis']",28.836531245412168,-83.10354508287051,534.5725475345268,Forest,Windy,23.227222559526528,04:56,"{'insects': 0.6, 'rodents': 0.4}",insects,True,0.006634248799419948
Haemorhous mexicanus,Fringillidae,Passeriformes,9.716437106447597,1.1149790115189713,23.964858634218025,Diurnal,2025-04-14,{'seeds': 1.0},"['Haemorhous purpureus', 'Haemorhous cassinii']",33.168844953378375,-96.7727359544664,475.7072509675584,Urban,Windy,29.227051468166213,10:19,{'seeds': 1.0},seeds,False,0.046525582668238974
Pica pica,Corvidae,Passeriformes,20.220256093578335,3.5692244846248453,249.50280435214188,Diurnal,2025-03-03,"{'insects': 0.5, 'carrion': 0.3, 'seeds': 0.2}",['Pica hudsonia'],39.36193202202273,-121.11672892829462,453.453419057054,Grassland,Windy,20.815336900500984,09:09,"{'insects': 0.5, 'carrion': 0.3, 'seeds': 0.2}",insects,False,0.014305348165896096
Haemorhous mexicanus,Fringillidae,Passeriformes,8.751103218288801,1.3253011111557251,25.976837481528833,Diurnal,2024-10-21,{'seeds': 1.0},"['Haemorhous purpureus', 'Haemorhous cassinii']",33.32333746315011,-115.82888519210618,677.84093030598,Urban,Rainy,24.287635949627298,07:19,{'seeds': 1.0},seeds,False,0.051018570374399795
Cygnus olor,Anatidae,Anseriformes,113.5754162460588,10.077499047305755,12858.965976277095,Diurnal,2025-01-02,"{'plants': 0.9, 'insects': 0.1}",['Cygnus atratus'],30.299313771446887,-70.91061481600474,61.347118941111304,Wetland,Clear,22.70349888750444,14:45,"{'plants': 0.9, 'insects': 0.1}",plants,False,0.0007836943550435752
Haemorhous mexicanus,Fringillidae,Passeriformes,10.907637134134596,1.2276013650549806,23.417147558909633,Diurnal,2025-09-07,{'seeds': 1.0},"['Haemorhous purpureus', 'Haemorhous cassinii']",24.048655851569247,-100.3732164644295,189.53673277731923,Urban,Foggy,14.826306725307516,11:25,{'seeds': 1.0},seeds,False,0.05242318100301287
Pica pica,Corvidae,Passeriformes,20.10613735294281,3.433863278407217,227.8898136964092,Diurnal,2024-09-21,"{'insects': 0.5, 'carrion': 0.3, 'seeds': 0.2}",['Pica hudsonia'],27.01245727536136,-100.58076227191792,541.8490996058658,Grassland,Cloudy,19.00109037255669,07:17,"{'insects': 0.5, 'carrion': 0.3, 'seeds': 0.2}",insects,False,0.015068085855657196
Cygnus olor,Anatidae,Anseriformes,121.98688670218831,10.101416162941748,12461.122065792582,Diurnal,2024-11-01,"{'plants': 0.9, 'insects': 0.1}",['Cygnus atratus'],25.003118587713224,-98.452968300692,33.595345733360176,Wetland,Clear,22.37958955717633,11:52,"{'plants': 0.9, 'insects': 0.1}",plants,False,0.0008106345567925591
Gavia immer,Gaviidae,Gaviiformes,71.26996749580233,9.76945589230114,4663.377589173673,Diurnal,2024-12-05,"{'fish': 0.9, 'crustaceans': 0.1}",['Gavia adamsii'],26.14707678351734,-97.4941995157018,69.37201195934367,Wetland,Rainy,20.276438297948957,16:14,"{'fish': 0.9, 'crustaceans': 0.1}",fish,False,0.002094931346537658
Strix varia,Strigidae,Strigiformes,38.10527339817246,4.223649314834264,767.9533178143764,Nocturnal,2025-08-27,"{'insects': 0.6, 'rodents': 0.4}","['Strix aluco', 'Strix occidentalis']",31.83215307849519,-71.6773857014656,557.1304435909498,Forest,Cloudy,13.77631366059564,21:13,"{'insects': 0.6, 'rodents': 0.4}",insects,True,0.00549987768378282
Haemorhous mexicanus,Fringillidae,Passeriformes,11.280787413075425,1.134189610471762,26.288586348654164,Diurnal,2024-10-16,{'seeds': 1.0},"['Haemorhous purpureus', 'Haemorhous cassinii']",24.19159587271015,-120.51489684795771,747.3699593462572,Urban,Clear,38.82487740160835,17:55,{'seeds': 1.0},seeds,False,0.04314380375686601
Gavia immer,Gaviidae,Gaviiformes,78.15223629653653,9.266793006790897,4754.146834535582,Diurnal,2024-11-05,"{'fish': 0.9, 'crustaceans': 0.1}",['Gavia adamsii'],39.26315832749377,-99.81663727025696,83.350087969751,Wetland,Rainy,17.78813288188214,17:17,"{'fish': 0.9, 'crustaceans': 0.1}",fish,False,0.0019492021027777409
Pica pica,Corvidae,Passeriformes,22.455547587215253,3.734180711313883,269.59245071393684,Diurnal,2024-12-07,"{'insects': 0.5, 'carrion': 0.3, 'seeds': 0.2}",['Pica hudsonia'],36.93191750412176,-101.2666495483944,645.6217824158957,Grassland,Foggy,16.69852642869119,18:01,"{'insects': 0.5, 'carrion': 0.3, 'seeds': 0.2}",insects,False,0.013851206520898477
Cygnus olor,Anatidae,Anseriformes,112.22854685069746,10.42925661294026,13044.045379361609,Diurnal,2025-07-16,"{'plants': 0.9, 'insects': 0.1}",['Cygnus atratus'],34.1930682770208,-118.8334823115898,118.26260412524346,Wetland,Cloudy,22.24870538324534,17:39,"{'plants': 0.9, 'insects': 0.1}",plants,False,0.0007995415769897207
Strix varia,Strigidae,Strigiformes,33.660780521907625,4.3231690693769,776.2098467465545,Nocturnal,2025-04-20,"{'insects': 0.6, 'rodents': 0.4}","['Strix aluco', 'Strix occidentalis']",34.088300148597995,-106.22379804011152,598.5808816682312,Forest,Rainy,18.95126298166831,20:24,"{'insects': 0.6, 'rodents': 0.4}",insects,True,0.005569588027641302
Haemorhous mexicanus,Fringillidae,Passeriformes,10.648684701221397,1.172571054807756,19.461844556914116,Diurnal,2025-02-26,{'seeds': 1.0},"['Haemorhous purpureus', 'Haemorhous cassinii']",26.78092841075508,-123.6213412911281,717.8662107630072,Urban,Foggy,15.238825986683164,15:18,{'seeds': 1.0},seeds,False,0.06024973898947221
Strix varia,Strigidae,Strigiformes,41.63289584992813,3.878501480525487,709.7018951398348,Nocturnal,2025-02-16,"{'insects': 0.6, 'rodents': 0.4}","['Strix aluco', 'Strix occidentalis']",33.13797433824732,-101.75744873722556,408.8560014981482,Forest,Cloudy,23.116571591399655,20:33,"{'insects': 0.6, 'rodents': 0.4}",insects,True,0.005464972697813204
Pica pica,Corvidae,Passeriformes,17.207300610392327,3.2655580147469614,240.75702456345647,Diurnal,2024-11-05,"{'insects': 0.5, 'carrion': 0.3, 'seeds': 0.2}",['Pica hudsonia'],44.408246151866265,-95.52306714058255,470.35000188651776,Grassland,Windy,18.58026141949524,18:06,"{'insects': 0.5, 'carrion': 0.3, 'seeds': 0.2}",insects,False,0.01356370814379398
Strix varia,Strigidae,Strigiformes,38.38514898732823,4.04410407153404,642.9648297375726,Nocturnal,2025-06-15,"{'insects': 0.6, 'rodents': 0.4}","['Strix aluco', 'Strix occidentalis']",29.4446119525496,-96.10230232564918,339.0001909871961,Forest,Foggy,15.019426986002328,05:33,"{'insects': 0.6, 'rodents': 0.4}",insects,True,0.006289774937121599
Haemorhous mexicanus,Fringillidae,Passeriformes,11.411788826061146,1.0281937066747493,21.573194258812176,Diurnal,2025-08-29,{'seeds': 1.0},"['Haemorhous purpureus', 'Haemorhous cassinii']",47.25646586293173,-117.32060216548348,721.3550471059175,Urban,Windy,22.46946645705311,09:01,{'seeds': 1.0},seeds,False,0.04766070774404466
Strix varia,Strigidae,Strigiformes,27.17000826915282,4.071560177857409,756.9441895102613,Nocturnal,2024-11-07,"{'insects': 0.6, 'rodents': 0.4}","['Strix aluco', 'Strix occidentalis']",29.243107273614807,-98.03254015826175,721.6985180312394,Forest,Windy,26.25818221131493,21:58,"{'insects': 0.6, 'rodents': 0.4}",insects,True,0.0053789436979385305
Cygnus olor,Anatidae,Anseriformes,104.82737984916368,10.43154508973113,11463.177754084643,Diurnal,2025-06-14,"{'plants': 0.9, 'insects': 0.1}",['Cygnus atratus'],34.79342867584368,-79.5283226971858,131.49886347844972,Wetland,Clear,31.975296696506433,18:46,"{'plants': 0.9, 'insects': 0.1}",plants,False,0.0009100046525941803
Haemorhous mexicanus,Fringillidae,Passeriformes,9.0524411226504,1.048629053222677,19.854391474665434,Diurnal,2025-02-06,{'seeds': 1.0},"['Haemorhous purpureus', 'Haemorhous cassinii']",37.43595019682401,-75.85689412966903,745.2655686219972,Urban,Clear,28.460549170002498,16:18,{'seeds': 1.0},seeds,False,0.05281597547629434
Cygnus olor,Anatidae,Anseriformes,123.4963092416408,9.568364289739437,13487.43313337597,Diurnal,2025-02-26,"{'plants': 0.9, 'insects': 0.1}",['Cygnus atratus'],30.737187481024073,-95.77718805426056,88.75977700335802,Wetland,Cloudy,25.803883621785637,12:29,"{'plants': 0.9, 'insects': 0.1}",plants,False,0.0007094281169084417
Strix varia,Strigidae,Strigiformes,36.2882589892543,4.03997282070989,704.137276531708,Nocturnal,2025-03-02,"{'insects': 0.6, 'rodents': 0.4}","['Strix aluco', 'Strix occidentalis']",38.08078911007589,-98.35231475480894,629.6125260731517,Forest,Foggy,12.405638661997234,02:29,"{'insects': 0.6, 'rodents': 0.4}",insects,True,0.00573747897655574
Cygnus olor,Anatidae,Anseriformes,126.19099357331004,10.287471522443631,12448.43358326968,Diurnal,2025-08-04,"{'plants': 0.9, 'insects': 0.1}",['Cygnus atratus'],35.35381228083944,-105.78514876492248,93.5169888893184,Wetland,Foggy,14.52285963155791,13:58,"{'plants': 0.9, 'insects': 0.1}",plants,False,0.0008264069092411502
Cygnus olor,Anatidae,Anseriformes,103.0082330699292,9.380592879424746,12142.545330186773,Diurnal,2024-11-18,"{'plants': 0.9, 'insects': 0.1}",['Cygnus atratus'],31.943981052798527,-119.09554567969968,112.29969595747852,Wetland,Windy,19.593375675446392,07:09,"{'plants': 0.9, 'insects': 0.1}",plants,False,0.0007725392513960216
Haemorhous mexicanus,Fringillidae,Passeriformes,8.145948912657719,1.224194605303827,20.974510646071906,Diurnal,2024-12-01,{'seeds': 1.0},"['Haemorhous purpureus', 'Haemorhous cassinii']",47.24119466284249,-69.23607755958973,92.4333499091997,Urban,Rainy,13.957011543628678,18:22,{'seeds': 1.0},seeds,False,0.058365824402825506
Pica pica,Corvidae,Passeriformes,18.14661174621789,3.5213387142296173,233.70840653454368,Diurnal,2025-05-11,"{'insects': 0.5, 'carrion': 0.3, 'seeds': 0.2}",['Pica hudsonia'],44.48246097978041,-108.93709363978432,715.1830618625659,Grassland,Foggy,17.77219502003649,08:10,"{'insects': 0.5, 'carrion': 0.3, 'seeds': 0.2}",insects,False,0.015067231711706269
Pica pica,Corvidae,Passeriformes,20.31913469782064,3.461750659612614,217.7260034553625,Diurnal,2025-01-20,"{'insects': 0.5, 'carrion': 0.3, 'seeds': 0.2}",['Pica hudsonia'],45.08542486959847,-76.3781871435508,425.1535564323378,Grassland,Foggy,15.921005588207704,12:12,"{'insects': 0.5, 'carrion': 0.3, 'seeds': 0.2}",insects,False,0.01589957379768068
Gavia immer,Gaviidae,Gaviiformes,70.71532373721328,9.60758144816644,4557.958653814954,Diurnal,2024-12-03,"{'fish': 0.9, 'crustaceans': 0.1}",['Gavia adamsii'],24.80003096388495,-119.20026250059406,71.68147595758892,Wetland,Rainy,20.338552323283594,11:13,"{'fish': 0.9, 'crustaceans': 0.1}",fish,False,0.0021078693726466814
Gavia immer,Gaviidae,Gaviiformes,70.58260348031368,9.719107142838215,4269.588266897151,Diurnal,2024-11-09,"{'fish': 0.9, 'crustaceans': 0.1}",['Gavia adamsii'],28.167952217289525,-89.77094473894516,140.30883547934363,Wetland,Cloudy,20.79842397252634,16:02,"{'fish': 0.9, 'crustaceans': 0.1}",fish,False,0.002276357001023288
Strix varia,Strigidae,Strigiformes,36.027386638498896,3.938033627707848,716.5232949551553,Nocturnal,2025-08-16,"{'insects': 0.6, 'rodents': 0.4}","['Strix aluco', 'Strix occidentalis']",28.587150986780813,-90.60704364992,590.9878245459873,Forest,Windy,20.002108317991556,02:17,"{'insects': 0.6, 'rodents': 0.4}",insects,True,0.005496030143659622
Cygnus olor,Anatidae,Anseriformes,129.21767593769252,10.172846444920449,12556.943989892738,Diurnal,2025-06-18,"{'plants': 0.9, 'insects': 0.1}",['Cygnus atratus'],25.950704668692488,-75.89195550864872,143.78197394743358,Wetland,Windy,25.49966814071895,08:12,"{'plants': 0.9, 'insects': 0.1}",plants,False,0.000810137120394
Strix varia,Strigidae,Strigiformes,36.71360987043244,3.948825555372854,686.5052168619197,Nocturnal,2025-07-28,"{'insects': 0.6, 'rodents': 0.4}","['Strix aluco', 'Strix occidentalis']",37.19898634504606,-76.72052739244404,681.0465289809817,Forest,Foggy,9.14889159132191,22:02,"{'insects': 0.6, 'rodents': 0.4}",insects,True,0.005752069260920273
Strix varia,Strigidae,Strigiformes,34.81161033042704,3.687026406383186,649.001839845076,Nocturnal,2024-11-16,"{'insects': 0.6, 'rodents': 0.4}","['Strix aluco', 'Strix occidentalis']",30.665364198947373,-115.69949638184016,398.4698387712063,Forest,Rainy,16.64036857047251,19:10,"{'insects': 0.6, 'rodents': 0.4}",insects,True,0.005681072348367026
Gavia immer,Gaviidae,Gaviiformes,66.61895967026743,9.614315189035793,4137.493331738558,Diurnal,2025-04-06,"{'fish': 0.9, 'crustaceans': 0.1}",['Gavia adamsii'],29.603444344760845,-111.43034500719465,200.23651525494225,Wetland,Cloudy,16.57643925198782,07:24,"{'fish': 0.9, 'crustaceans': 0.1}",fish,False,0.0023237053012955303
Haemorhous mexicanus,Fringillidae,Passeriformes,9.293837820401562,1.2084120801544411,24.20774887150463,Diurnal,2025-06-05,{'seeds': 1.0},"['Haemorhous purpureus', 'Haemorhous cassinii']",39.14012654075448,-91.71942176764011,581.0868796157085,Urban,Clear,22.485985067548675,17:40,{'seeds': 1.0},seeds,False,0.049918399540937256
Strix varia,Strigidae,Strigiformes,33.970345211498945,4.1409220917620075,685.1102582020067,Nocturnal,2025-04-30,"{'insects': 0.6, 'rodents': 0.4}","['Strix aluco', 'Strix occidentalis']",33.1738703825212,-95.25149736602717,263.9653402761652,Forest,Foggy,10.396729218664031,02:40,"{'insects': 0.6, 'rodents': 0.4}",insects,True,0.006044168865066162
Strix varia,Strigidae,Strigiformes,34.80680044588963,3.893300295163112,666.664119102073,Nocturnal,2024-12-06,"{'insects': 0.6, 'rodents': 0.4}","['Strix aluco', 'Strix occidentalis']",47.90751816805104,-105.60622296201588,445.71732519891594,Forest,Cloudy,17.29135159932623,01:37,"{'insects': 0.6, 'rodents': 0.4}",insects,True,0.005839972759306413
Gavia immer,Gaviidae,Gaviiformes,75.04158324359732,9.231629085160789,4441.888437850507,Diurnal,2025-03-20,"{'fish': 0.9, 'crustaceans': 0.1}",['Gavia adamsii'],45.687228636181864,-118.71517644910251,242.85913910453743,Wetland,Clear,32.852889705425014,07:51,"{'fish': 0.9, 'crustaceans': 0.1}",fish,False,0.002078311784351816
Haemorhous mexicanus,Fringillidae,Passeriformes,10.186945192826002,1.2103163952182447,22.260560220251367,Diurnal,2025-06-16,{'seeds': 1.0},"['Haemorhous purpureus', 'Haemorhous cassinii']",43.59723553931036,-86.7072118972888,557.7316156214165,Urban,Cloudy,30.425141948409937,10:10,{'seeds': 1.0},seeds,False,0.054370437367392443
Strix varia,Strigidae,Strigiformes,36.99412150705175,4.163988252540596,734.9815580761215,Nocturnal,2024-10-24,"{'insects': 0.6, 'rodents': 0.4}","['Strix aluco', 'Strix occidentalis']",36.98724294914648,-77.66552938253156,432.23553952866354,Forest,Rainy,20.43035166547398,21:25,"{'insects': 0.6, 'rodents': 0.4}",insects,True,0.005665432291172312
Strix varia,Strigidae,Strigiformes,36.48460186365531,4.4916354162866226,770.4496319627498,Nocturnal,2025-04-05,"{'insects': 0.6, 'rodents': 0.4}","['Strix aluco', 'Strix occidentalis']",48.2739179915936,-105.84108551947106,376.0372123039688,Forest,Clear,29.759496873201783,19:30,"{'insects': 0.6, 'rodents': 0.4}",insects,True,0.005829888457268791
Cygnus olor,Anatidae,Anseriformes,118.50377435032672,9.96617510560806,12913.25605471166,Diurnal,2024-12-09,"{'plants': 0.9, 'insects': 0.1}",['Cygnus atratus'],26.226616402570784,-87.94027951960517,188.27164721785107,Wetland,Cloudy,19.02612512879695,10:37,"{'plants': 0.9, 'insects': 0.1}",plants,False,0.000771778633009581
Pica pica,Corvidae,Passeriformes,22.67369091512841,3.629151045134774,257.81001265064594,Diurnal,2024-09-29,"{'insects': 0.5, 'carrion': 0.3, 'seeds': 0.2}",['Pica hudsonia'],25.22187230262123,-81.5050455660269,267.2283154085974,Grassland,Cloudy,12.003115863486912,10:09,"{'insects': 0.5, 'carrion': 0.3, 'seeds': 0.2}",insects,False,0.01407684289613909
Pica pica,Corvidae,Passeriformes,16.669542448085497,3.3650929449088203,230.33371890292665,Diurnal,2025-05-20,"{'insects': 0.5, 'carrion': 0.3, 'seeds': 0.2}",['Pica hudsonia'],46.99222608573798,-75.24650661722194,633.2541859042944,Grassland,Foggy,12.336210765203496,08:41,"{'insects': 0.5, 'carrion': 0.3, 'seeds': 0.2}",insects,False,0.014609641006695278
Cygnus olor,Anatidae,Anseriformes,118.588564462403,10.73852203504129,12957.954371090118,Diurnal,2025-03-16,"{'plants': 0.9, 'insects': 0.1}",['Cygnus atratus'],30.317609096162784,-76.80064244637204,189.09956557362915,Wetland,Windy,22.664663083051792,11:18,"{'plants': 0.9, 'insects': 0.1}",plants,False,0.0008287204698759784
Gavia immer,Gaviidae,Gaviiformes,66.4616143376019,9.383160854014042,3975.731282642068,Diurnal,2025-08-27,"{'fish': 0.9, 'crustaceans': 0.1}",['Gavia adamsii'],43.74586802308475,-72.74277734417717,46.14913818571607,Wetland,Windy,24.903445050713746,14:04,"{'fish': 0.9, 'crustaceans': 0.1}",fish,False,0.0023601094206192105
Cygnus olor,Anatidae,Anseriformes,135.37804532298475,9.997476620292478,12160.212030048258,Diurnal,2025-04-01,"{'plants': 0.9, 'insects': 0.1}",['Cygnus atratus'],36.375656249026896,-111.4112977873302,75.76443169501725,Wetland,Rainy,17.57316993769873,18:27,"{'plants': 0.9, 'insects': 0.1}",plants,False,0.0008221465707660693
Haemorhous mexicanus,Fringillidae,Passeriformes,9.711932773042932,1.1148552469163724,17.36972167341877,Diurnal,2025-04-05,{'seeds': 1.0},"['Haemorhous purpureus', 'Haemorhous cassinii']",39.15336850453485,-122.37597754672082,259.98062558499464,Urban,Foggy,14.358415613961643,09:10,{'seeds': 1.0},seeds,False,0.06418382907208338
Strix varia,Strigidae,Strigiformes,34.57224339411247,4.220700731889565,747.5354392505211,Nocturnal,2025-04-29,"{'insects': 0.6, 'rodents': 0.4}","['Strix aluco', 'Strix occidentalis']",42.48275026656124,-83.26194030703462,601.0534177665498,Forest,Clear,20.84235466412462,04:06,"{'insects': 0.6, 'rodents': 0.4}",insects,True,0.005646154697523422
Pica pica,Corvidae,Passeriformes,17.80054110948051,3.6076163803418257,231.3256029671026,Diurnal,2024-10-24,"{'insects': 0.5, 'carrion': 0.3, 'seeds': 0.2}",['Pica hudsonia'],24.86541563553049,-69.03506177325391,613.5618925843619,Grassland,Rainy,21.621195572677003,18:59,"{'insects': 0.5, 'carrion': 0.3, 'seeds': 0.2}",insects,False,0.015595404633419994
Haemorhous mexicanus,Fringillidae,Passeriformes,8.68637132230992,1.277368296348133,24.481541126672703,Diurnal,2025-05-19,{'seeds': 1.0},"['Haemorhous purpureus', 'Haemorhous cassinii']",29.181635759756865,-75.17877245334356,161.36656620241695,Urban,Rainy,21.71335021545311,12:10,{'seeds': 1.0},seeds,False,0.052176792700212686
Gavia immer,Gaviidae,Gaviiformes,81.26074321179136,10.099682125614656,4925.815832648062,Diurnal,2025-02-04,"{'fish': 0.9, 'crustaceans': 0.1}",['Gavia adamsii'],48.29638189336595,-93.44482965694482,168.9515883452264,Wetland,Clear,33.08199090316486,09:08,"{'fish': 0.9, 'crustaceans': 0.1}",fish,False,0.0020503572339579702
Pica pica,Corvidae,Passeriformes,23.90548664791312,3.3961290636602324,203.18084793155936,Diurnal,2025-04-28,"{'insects': 0.5, 'carrion': 0.3, 'seeds': 0.2}",['Pica hudsonia'],43.111617026203966,-106.28739207255838,594.3564114147493,Grassland,Cloudy,20.64699538133028,17:57,"{'insects': 0.5, 'carrion': 0.3, 'seeds': 0.2}",insects,False,0.01671480899028537
Haemorhous mexicanus,Fringillidae,Passeriformes,9.369151231129138,1.1525413426187188,23.334712253129837,Diurnal,2025-04-28,{'seeds': 1.0},"['Haemorhous purpureus', 'Haemorhous cassinii']",42.51981368797965,-90.08069977916767,699.2933479096256,Urban,Foggy,16.180612496526475,06:33,{'seeds': 1.0},seeds,False,0.049391710089081164
Haemorhous mexicanus,Fringillidae,Passeriformes,11.347899217379728,1.1008156491980026,24.38107160398269,Diurnal,2025-03-26,{'seeds': 1.0},"['Haemorhous purpureus', 'Haemorhous cassinii']",28.519132422744683,-113.88641284224902,294.50257762725755,Urban,Cloudy,24.08484617602768,16:00,{'seeds': 1.0},seeds,False,0.045150421075757084
Strix varia,Strigidae,Strigiformes,31.74604120704745,4.133206346237694,706.8281336410571,Nocturnal,2025-04-27,"{'insects': 0.6, 'rodents': 0.4}","['Strix aluco', 'Strix occidentalis']",26.04662807813372,-107.2802315151134,567.387630288247,Forest,Windy,26.526540032211862,03:43,"{'insects': 0.6, 'rodents': 0.4}",insects,True,0.005847540794600894
Strix varia,Strigidae,Strigiformes,31.45285062045716,4.697470606964694,731.6630419117638,Nocturnal,2025-03-26,"{'insects': 0.6, 'rodents': 0.4}","['Strix aluco', 'Strix occidentalis']",30.719910599409733,-67.14881820935769,351.15854758242983,Forest,Clear,19.17120578808357,23:56,"{'insects': 0.6, 'rodents': 0.4}",insects,True,0.006420264982485193
Strix varia,Strigidae,Strigiformes,32.141720884751365,4.117803460803487,678.2218306674414,Nocturnal,2024-10-01,"{'insects': 0.6, 'rodents': 0.4}","['Strix aluco', 'Strix occidentalis']",40.73490834589229,-121.4901826826636,686.8001555676551,Forest,Foggy,18.07994259517121,22:09,"{'insects': 0.6, 'rodents': 0.4}",insects,True,0.006071469944798351
Cygnus olor,Anatidae,Anseriformes,114.5229848207774,10.302845934147372,10025.920929931506,Diurnal,2024-10-08,"{'plants': 0.9, 'insects': 0.1}",['Cygnus atratus'],32.26649347677401,-70.68169145894575,85.31802114348183,Wetland,Windy,21.261988750517975,14:41,"{'plants': 0.9, 'insects': 0.1}",plants,False,0.001027620904468649
Haemorhous mexicanus,Fringillidae,Passeriformes,9.455054519177711,1.2532287292394,24.12651635969757,Diurnal,2024-12-31,{'seeds': 1.0},"['Haemorhous purpureus', 'Haemorhous cassinii']",24.424570219848945,-111.55016927726108,392.9609684196796,Urban,Rainy,16.11168335715846,16:06,{'seeds': 1.0},seeds,False,0.05194403993329394
Gavia immer,Gaviidae,Gaviiformes,66.01081160041797,9.343226498076202,4642.940349893261,Diurnal,2025-06-20,"{'fish': 0.9, 'crustaceans': 0.1}",['Gavia adamsii'],37.925848444516646,-103.15017627585952,129.11919175601338,Wetland,Foggy,11.48947352542858,12:56,"{'fish': 0.9, 'crustaceans': 0.1}",fish,False,0.0020123511813566588
Haemorhous mexicanus,Fringillidae,Passeriformes,9.59899614197803,1.1605738497855886,21.644817979425905,Diurnal,2025-09-01,{'seeds': 1.0},"['Haemorhous purpureus', 'Haemorhous cassinii']",34.99202883489524,-105.76018497848794,829.9532114263817,Urban,Cloudy,21.908010600823957,08:41,{'seeds': 1.0},seeds,False,0.053619016380214025
Cygnus olor,Anatidae,Anseriformes,131.40609193588426,11.116954348717035,11124.754487956568,Diurnal,2025-05-11,"{'plants': 0.9, 'insects': 0.1}",['Cygnus atratus'],39.25214738516672,-68.791194934699,88.66446728707379,Wetland,Clear,19.46437670167161,08:15,"{'plants': 0.9, 'insects': 0.1}",plants,False,0.0009992988484152187
Pica pica,Corvidae,Passeriformes,18.61975864047529,3.6423734139974178,217.71856256785907,Diurnal,2024-10-28,"{'insects': 0.5, 'carrion': 0.3, 'seeds': 0.2}",['Pica hudsonia'],46.723276452934535,-75.87491245875393,665.8407682065356,Grassland,Cloudy,20.169327773559484,14:59,"{'insects': 0.5, 'carrion': 0.3, 'seeds': 0.2}",insects,False,0.016729732968277126
Gavia immer,Gaviidae,Gaviiformes,70.48369277545957,9.410931230108304,4683.576243070342,Diurnal,2025-07-30,"{'fish': 0.9, 'crustaceans': 0.1}",['Gavia adamsii'],43.31831218127441,-99.85515434586137,177.85054277560516,Wetland,Rainy,12.463122587986,14:02,"{'fish': 0.9, 'crustaceans': 0.1}",fish,False,0.0020093472896982076
Haemorhous mexicanus,Fringillidae,Passeriformes,9.835936057284613,1.1455144458222786,19.947481908002473,Diurnal,2025-08-11,{'seeds': 1.0},"['Haemorhous purpureus', 'Haemorhous cassinii']",25.960702751028297,-94.63560129075084,266.9156440661748,Urban,Clear,17.276496111090893,09:00,{'seeds': 1.0},seeds,False,0.05742651885111997
Haemorhous mexicanus,Fringillidae,Passeriformes,9.445024807366051,1.329213172756344,20.893896343789507,Diurnal,2025-02-18,{'seeds': 1.0},"['Haemorhous purpureus', 'Haemorhous cassinii']",28.483804380194705,-103.93544395395756,497.74069360540176,Urban,Rainy,20.872772922650473,15:58,{'seeds': 1.0},seeds,False,0.06361729525625022
Pica pica,Corvidae,Passeriformes,17.75724649553387,3.311595939799148,219.70782126846623,Diurnal,2025-06-27,"{'insects': 0.5, 'carrion': 0.3, 'seeds': 0.2}",['Pica hudsonia'],30.54276759389223,-113.55267819128778,734.2822864930356,Grassland,Clear,29.92487655461126,14:51,"{'insects': 0.5, 'carrion': 0.3, 'seeds': 0.2}",insects,False,0.0150727266816443
Strix varia,Strigidae,Strigiformes,35.9325793406962,4.474466749815724,762.1501026458848,Nocturnal,2024-11-15,"{'insects': 0.6, 'rodents': 0.4}","['Strix aluco', 'Strix occidentalis']",35.22172426936314,-82.63481144155526,395.1577106781259,Forest,Cloudy,18.58874184856466,21:16,"{'insects': 0.6, 'rodents': 0.4}",insects,True,0.005870847139273667
Strix varia,Strigidae,Strigiformes,38.60585863789136,4.744245829617848,749.406129125388,Nocturnal,2025-07-05,"{'insects': 0.6, 'rodents': 0.4}","['Strix aluco', 'Strix occidentalis']",45.26770902307019,-84.16648549774271,12.59771591256549,Forest,Rainy,16.305756829354557,04:32,"{'insects': 0.6, 'rodents': 0.4}",insects,True,0.006330673909959518
Pica pica,Corvidae,Passeriformes,20.919668345281927,3.5322965759239024,205.24283590274013,Diurnal,2024-12-11,"{'insects': 0.5, 'carrion': 0.3, 'seeds': 0.2}",['Pica hudsonia'],32.94779504938623,-107.81874152593868,377.0906976029062,Grassland,Clear,21.298845291030123,18:16,"{'insects': 0.5, 'carrion': 0.3, 'seeds': 0.2}",insects,False,0.017210328245502206
Pica pica,Corvidae,Passeriformes,16.26063538238924,3.940743929962327,228.96083990760445,Diurnal,2024-12-08,"{'insects': 0.5, 'carrion': 0.3, 'seeds': 0.2}",['Pica hudsonia'],25.39434448456636,-98.04825806824768,747.2170507315932,Grassland,Rainy,18.947726637311476,17:42,"{'insects': 0.5, 'carrion': 0.3, 'seeds': 0.2}",insects,False,0.017211432014105934
Pica pica,Corvidae,Passeriformes,19.891982363907264,3.5079254697230504,219.8782270957052,Diurnal,2025-04-28,"{'insects': 0.5, 'carrion': 0.3, 'seeds': 0.2}",['Pica hudsonia'],35.66010865417246,-101.22199825399048,571.0697185793668,Grassland,Windy,25.183905530461715,08:43,"{'insects': 0.5, 'carrion': 0.3, 'seeds': 0.2}",insects,False,0.01595394649146491
Cygnus olor,Anatidae,Anseriformes,132.42946046405277,10.63811127149486,11944.400796840237,Diurnal,2024-12-05,"{'plants': 0.9, 'insects': 0.1}",['Cygnus atratus'],42.29048800230101,-111.27085666918282,59.081935922618854,Wetland,Clear,20.36137089182374,07:18,"{'plants': 0.9, 'insects': 0.1}",plants,False,0.0008906358261445027
Haemorhous mexicanus,Fringillidae,Passeriformes,8.919694434115206,1.0399498941895666,19.793517266203907,Diurnal,2024-11-02,{'seeds': 1.0},"['Haemorhous purpureus', 'Haemorhous cassinii']",37.27130644866948,-97.74054629540092,357.42290758050274,Urban,Clear,18.29594337127693,11:41,{'seeds': 1.0},seeds,False,0.05253992406722027
Pica pica,Corvidae,Passeriformes,16.537645320849165,3.3742679204198747,206.33464354753272,Diurnal,2025-03-28,"{'insects': 0.5, 'carrion': 0.3, 'seeds': 0.2}",['Pica hudsonia'],30.65230878801843,-124.17342782951296,495.0673147084944,Grassland,Foggy,8.749117838976987,15:00,"{'insects': 0.5, 'carrion': 0.3, 'seeds': 0.2}",insects,False,0.016353375576712372
Gavia immer,Gaviidae,Gaviiformes,70.28560804656861,9.768964665735622,4383.65324455689,Diurnal,2024-10-09,"{'fish': 0.9, 'crustaceans': 0.1}",['Gavia adamsii'],33.45784958483952,-76.04439616912347,206.1060149477624,Wetland,Windy,20.136006362610573,09:44,"{'fish': 0.9, 'crustaceans': 0.1}",fish,False,0.002228498496742548
Strix varia,Strigidae,Strigiformes,34.02199552544171,3.922928924947522,673.4860093310974,Nocturnal,2024-09-22,"{'insects': 0.6, 'rodents': 0.4}","['Strix aluco', 'Strix occidentalis']",24.386105634571567,-86.41212570426802,432.432953474868,Forest,Rainy,16.67653434062057,19:43,"{'insects': 0.6, 'rodents': 0.4}",insects,True,0.005824811310993309
Haemorhous mexicanus,Fringillidae,Passeriformes,10.131766545026773,1.153865630820003,20.39443584281669,Diurnal,2024-10-08,{'seeds': 1.0},"['Haemorhous purpureus', 'Haemorhous cassinii']",36.8627641512632,-73.8451894669722,210.3387432466742,Urban,Foggy,12.767286327074691,14:28,{'seeds': 1.0},seeds,False,0.056577472390657794
Haemorhous mexicanus,Fringillidae,Passeriformes,10.691210874213168,1.1851891502350425,22.609194228760423,Diurnal,2025-03-30,{'seeds': 1.0},"['Haemorhous purpureus', 'Haemorhous cassinii']",43.11022161432224,-81.20526551778721,655.624362188187,Urban,Foggy,14.732746531434048,17:41,{'seeds': 1.0},seeds,False,0.05242067179587505
Gavia immer,Gaviidae,Gaviiformes,67.11746514553255,9.482444041521225,4400.261538284495,Diurnal,2024-12-26,"{'fish': 0.9, 'crustaceans': 0.1}",['Gavia adamsii'],45.99933234394962,-123.75551340221736,106.1609039379261,Wetland,Cloudy,23.302894984321753,18:28,"{'fish': 0.9, 'crustaceans': 0.1}",fish,False,0.0021549728258239147
Pica pica,Corvidae,Passeriformes,21.00142269259692,3.2915097577792563,218.72317037658777,Diurnal,2025-01-17,"{'insects': 0.5, 'carrion': 0.3, 'seeds': 0.2}",['Pica hudsonia'],26.54184905621306,-92.77671047567404,656.3546622106711,Grassland,Rainy,20.50938989679828,14:42,"{'insects': 0.5, 'carrion': 0.3, 'seeds': 0.2}",insects,False,0.015048747474316882
Cygnus olor,Anatidae,Anseriformes,128.99793709423506,10.293999164897524,11727.293978176063,Diurnal,2025-08-06,"{'plants': 0.9, 'insects': 0.1}",['Cygnus atratus'],37.12681810204873,-70.83310387856031,167.08303091275369,Wetland,Windy,11.885644712243243,15:11,"{'plants': 0.9, 'insects': 0.1}",plants,False,0.0008777812839052357
Haemorhous mexicanus,Fringillidae,Passeriformes,9.111431715544333,1.0247735544765495,22.071645513827157,Diurnal,2025-07-25,{'seeds': 1.0},"['Haemorhous purpureus', 'Haemorhous cassinii']",48.70646835316931,-76.76656447198901,160.91535268615746,Urban,Cloudy,16.47129377472462,18:50,{'seeds': 1.0},seeds,False,0.04642941342250911
Strix varia,Strigidae,Strigiformes,31.08423294487412,3.806704907791994,717.4147385728647,Nocturnal,2025-03-22,"{'insects': 0.6, 'rodents': 0.4}","['Strix aluco', 'Strix occidentalis']",41.10248603089944,-71.9168376199676,636.029162564779,Forest,Foggy,17.17301011858858,23:55,"{'insects': 0.6, 'rodents': 0.4}",insects,True,0.0053061426022060505
Haemorhous mexicanus,Fringillidae,Passeriformes,9.573128104071232,1.0518836330634884,17.783145202826805,Diurnal,2025-08-16,{'seeds': 1.0},"['Haemorhous purpureus', 'Haemorhous cassinii']",38.873788956639146,-122.5609263985077,322.05697763529787,Urban,Foggy,17.74953550096528,08:46,{'seeds': 1.0},seeds,False,0.05915059575042334
Cygnus olor,Anatidae,Anseriformes,111.4628194778282,9.787966295468818,12327.541666229828,Diurnal,2025-06-17,"{'plants': 0.9, 'insects': 0.1}",['Cygnus atratus'],47.499006582985984,-102.5129536503808,119.7360655482637,Wetland,Foggy,17.803359424637193,15:40,"{'plants': 0.9, 'insects': 0.1}",plants,False,0.0007939917430806221
Strix varia,Strigidae,Strigiformes,35.98224278723345,4.314462865958306,638.1715681795761,Nocturnal,2025-01-07,"{'insects': 0.6, 'rodents': 0.4}","['Strix aluco', 'Strix occidentalis']",45.72711272962952,-114.62154477687832,144.9731222570619,Forest,Foggy,20.984668226455,20:01,"{'insects': 0.6, 'rodents': 0.4}",insects,True,0.006760662933113079
Haemorhous mexicanus,Fringillidae,Passeriformes,10.58351698322679,1.0752795826438932,25.005700939083436,Diurnal,2025-02-09,{'seeds': 1.0},"['Haemorhous purpureus', 'Haemorhous cassinii']",41.05510443177904,-71.80637222128433,806.5345700841488,Urban,Windy,22.098630102716427,09:58,{'seeds': 1.0},seeds,False,0.04300137737643865
Haemorhous mexicanus,Fringillidae,Passeriformes,8.455748637058681,1.1460588086187695,26.996788154921315,Diurnal,2024-12-06,{'seeds': 1.0},"['Haemorhous purpureus', 'Haemorhous cassinii']",44.514674252390435,-74.39971998464256,439.26392536758993,Urban,Cloudy,13.935506501299855,17:28,{'seeds': 1.0},seeds,False,0.042451672474595886
Gavia immer,Gaviidae,Gaviiformes,62.34981334643141,9.761712070146586,3754.194747980662,Diurnal,2025-08-28,"{'fish': 0.9, 'crustaceans': 0.1}",['Gavia adamsii'],32.191184202794346,-88.56846426763617,193.62782289148691,Wetland,Clear,28.677835459406563,06:54,"{'fish': 0.9, 'crustaceans': 0.1}",fish,False,0.0026002146200319784
Pica pica,Corvidae,Passeriformes,19.942592577514887,3.417786825658562,246.9802965195784,Diurnal,2025-03-20,"{'insects': 0.5, 'carrion': 0.3, 'seeds': 0.2}",['Pica hudsonia'],45.39178273858697,-82.2394820095362,658.5893805203278,Grassland,Foggy,15.428370532969849,08:55,"{'insects': 0.5, 'carrion': 0.3, 'seeds': 0.2}",insects,False,0.013838297523412481
Cygnus olor,Anatidae,Anseriformes,129.30459489207408,10.447774295742152,11798.37079054913,Diurnal,2025-02-16,"{'plants': 0.9, 'insects': 0.1}",['Cygnus atratus'],33.67124502278092,-74.98972448973927,92.95886750769851,Wetland,Clear,23.075612367907585,18:57,"{'plants': 0.9, 'insects': 0.1}",plants,False,0.000885526864786378
Gavia immer,Gaviidae,Gaviiformes,78.1948963152791,9.053571175908738,4225.407753087687,Diurnal,2025-03-10,"{'fish': 0.9, 'crustaceans': 0.1}",['Gavia adamsii'],43.34509674019879,-117.35642941240135,255.42262700827587,Wetland,Windy,16.8579925073818,17:14,"{'fish': 0.9, 'crustaceans': 0.1}",fish,False,0.0021426502967182054
Haemorhous mexicanus,Fringillidae,Passeriformes,8.00252919348364,1.3021715732562078,21.0540081446521,Diurnal,2025-07-07,{'seeds': 1.0},"['Haemorhous purpureus', 'Haemorhous cassinii']",47.69577589662544,-85.072024736886,214.23072528141444,Urban,Windy,23.81175598217184,11:15,{'seeds': 1.0},seeds,False,0.06184910561018143
Haemorhous mexicanus,Fringillidae,Passeriformes,10.03337836951988,1.2373690828034063,25.40298554923729,Diurnal,2025-05-25,{'seeds': 1.0},"['Haemorhous purpureus', 'Haemorhous cassinii']",43.56511924211473,-104.45814792871542,545.8032981731848,Urban,Windy,28.362089851612733,13:18,{'seeds': 1.0},seeds,False,0.04870959283132598
Haemorhous mexicanus,Fringillidae,Passeriformes,11.466136438121772,1.2247670183880854,24.73855912730813,Diurnal,2025-05-31,{'seeds': 1.0},"['Haemorhous purpureus', 'Haemorhous cassinii']",45.176717667091225,-92.82179997267176,708.992970553157,Urban,Windy,28.68198765611114,11:52,{'seeds': 1.0},seeds,False,0.049508421734882006
Haemorhous mexicanus,Fringillidae,Passeriformes,11.517954659089376,1.1973145208712892,17.78220595211448,Diurnal,2025-07-26,{'seeds': 1.0},"['Haemorhous purpureus', 'Haemorhous cassinii']",27.863402936959492,-74.56705052453717,652.3277250943577,Urban,Clear,25.272583841688625,11:43,{'seeds': 1.0},seeds,False,0.06733217037838417
Pica pica,Corvidae,Passeriformes,21.105910356337645,3.520854716030632,232.96207209964183,Diurnal,2024-11-06,"{'insects': 0.5, 'carrion': 0.3, 'seeds': 0.2}",['Pica hudsonia'],32.796969320580324,-111.13486952186896,608.0290713364468,Grassland,Clear,25.988943644781585,16:50,"{'insects': 0.5, 'carrion': 0.3, 'seeds': 0.2}",insects,False,0.015113424620144617
Strix varia,Strigidae,Strigiformes,35.71045224182413,4.2406270681296006,733.8654768679706,Nocturnal,2025-01-11,"{'insects': 0.6, 'rodents': 0.4}","['Strix aluco', 'Strix occidentalis']",40.96145672639001,-73.09799764009455,804.450416893101,Forest,Cloudy,17.63007765076333,05:15,"{'insects': 0.6, 'rodents': 0.4}",insects,True,0.005778480119037579
Cygnus olor,Anatidae,Anseriformes,125.55520907583563,10.442146006247787,11131.034480980625,Diurnal,2025-03-25,"{'plants': 0.9, 'insects': 0.1}",['Cygnus atratus'],28.231822439931957,-99.163142373693,77.57319746044938,Wetland,Foggy,12.927339127871525,10:59,"{'plants': 0.9, 'insects': 0.1}",plants,False,0.0009381110106244009
Gavia immer,Gaviidae,Gaviiformes,63.04074072362244,9.881653971493556,4520.4644832134045,Diurnal,2024-11-21,"{'fish': 0.9, 'crustaceans': 0.1}",['Gavia adamsii'],29.319393390088777,-123.31362859106656,103.80613449444355,Wetland,Rainy,18.147288545129108,09:06,"{'fish': 0.9, 'crustaceans': 0.1}",fish,False,0.0021859819954760736
Haemorhous mexicanus,Fringillidae,Passeriformes,9.86407528893374,1.1477614798966953,27.248618661405033,Diurnal,2024-12-04,{'seeds': 1.0},"['Haemorhous purpureus', 'Haemorhous cassinii']",48.43449673005304,-101.01819156647936,123.20492886021545,Urban,Windy,19.592976072141013,11:13,{'seeds': 1.0},seeds,False,0.042121822546637405
Gavia immer,Gaviidae,Gaviiformes,72.94835305530258,9.901478662127015,3811.575594749106,Diurnal,2025-05-14,"{'fish': 0.9, 'crustaceans': 0.1}",['Gavia adamsii'],31.148895839174347,-78.54926881332494,45.882705473695495,Wetland,Rainy,13.160670312792684,17:09,"{'fish': 0.9, 'crustaceans': 0.1}",fish,False,0.002597739023139792
Haemorhous mexicanus,Fringillidae,Passeriformes,11.869712053751032,1.2383356246021848,24.293887290548597,Diurnal,2025-03-09,{'seeds': 1.0},"['Haemorhous purpureus', 'Haemorhous cassinii']",27.36192347639345,-75.781379648591,506.857113913971,Urban,Cloudy,20.782797849973388,15:36,{'seeds': 1.0},seeds,False,0.050973136155281026
Haemorhous mexicanus,Fringillidae,Passeriformes,9.023064955303717,1.3488275068435935,21.83271479319095,Diurnal,2025-01-05,{'seeds': 1.0},"['Haemorhous purpureus', 'Haemorhous cassinii']",32.0303858468519,-99.07442901123886,535.2602904329793,Urban,Clear,24.902358531235727,11:33,{'seeds': 1.0},seeds,False,0.061780109327689174
Strix varia,Strigidae,Strigiformes,29.008598617497928,4.165414195309103,642.6907352133456,Nocturnal,2025-08-15,"{'insects': 0.6, 'rodents': 0.4}","['Strix aluco', 'Strix occidentalis']",36.11594928481288,-103.47398321995097,551.037263509795,Forest,Clear,21.94145160945989,04:13,"{'insects': 0.6, 'rodents': 0.4}",insects,True,0.006481210895200418
Strix varia,Strigidae,Strigiformes,33.99669470960269,4.167410905669745,656.7792356690464,Nocturnal,2025-06-22,"{'insects': 0.6, 'rodents': 0.4}","['Strix aluco', 'Strix occidentalis']",36.48768988467749,-89.01640894505528,589.91152797582,Forest,Cloudy,25.57948941494735,03:58,"{'insects': 0.6, 'rodents': 0.4}",insects,True,0.00634522329474149
Pica pica,Corvidae,Passeriformes,18.85711509718905,3.631211155990561,225.9102035656238,Diurnal,2025-02-20,"{'insects': 0.5, 'carrion': 0.3, 'seeds': 0.2}",['Pica hudsonia'],32.707607539868086,-86.2605611890094,247.3572213961029,Grassland,Foggy,14.416361097585357,16:49,"{'insects': 0.5, 'carrion': 0.3, 'seeds': 0.2}",insects,False,0.016073692549861938
Pica pica,Corvidae,Passeriformes,20.22259759368483,3.257846291089622,251.3454394881828,Diurnal,2024-12-11,"{'insects': 0.5, 'carrion': 0.3, 'seeds': 0.2}",['Pica hudsonia'],32.02808129588542,-107.77544343387454,367.14650061549617,Grassland,Foggy,17.52515303115119,09:06,"{'insects': 0.5, 'carrion': 0.3, 'seeds': 0.2}",insects,False,0.012961628815400856
Strix varia,Strigidae,Strigiformes,35.248600008438366,3.776053925673651,577.4432647360794,Nocturnal,2025-03-10,"{'insects': 0.6, 'rodents': 0.4}","['Strix aluco', 'Strix occidentalis']",30.792975969483663,-81.3799436388186,624.9027699387699,Forest,Foggy,12.377513055327418,02:55,"{'insects': 0.6, 'rodents': 0.4}",insects,True,0.006539263952449939
Strix varia,Strigidae,Strigiformes,34.87543616747275,4.430874764717607,697.1443831704761,Nocturnal,2025-03-12,"{'insects': 0.6, 'rodents': 0.4}","['Strix aluco', 'Strix occidentalis']",29.534807940961443,-112.5685376252234,578.6991548907621,Forest,Windy,20.971954303198128,23:59,"{'insects': 0.6, 'rodents': 0.4}",insects,True,0.006355749069607154
Strix varia,Strigidae,Strigiformes,37.11470339411587,4.515909919395264,548.6622559677921,Nocturnal,2025-01-26,"{'insects': 0.6, 'rodents': 0.4}","['Strix aluco', 'Strix occidentalis']",28.682253962428387,-105.6943855327394,444.49023688654154,Forest,Rainy,18.60645977410223,05:23,"{'insects': 0.6, 'rodents': 0.4}",insects,True,0.008230764683146636
Cygnus olor,Anatidae,Anseriformes,102.75350531083612,10.58008819656952,10801.366218179188,Diurnal,2024-11-25,"{'plants': 0.9, 'insects': 0.1}",['Cygnus atratus'],36.15710226296922,-123.18406584718916,76.23593895295599,Wetland,Foggy,17.625195896304295,16:37,"{'plants': 0.9, 'insects': 0.1}",plants,False,0.0009795138858233279
Pica pica,Corvidae,Passeriformes,19.518332895689827,3.512922320318245,257.8199928707048,Diurnal,2025-06-11,"{'insects': 0.5, 'carrion': 0.3, 'seeds': 0.2}",['Pica hudsonia'],39.799696089159674,-122.00734858965892,28.250222873820174,Grassland,Rainy,23.71889010277813,06:56,"{'insects': 0.5, 'carrion': 0.3, 'seeds': 0.2}",insects,False,0.013625484514228322
Strix varia,Strigidae,Strigiformes,37.379808704314854,4.316389790129927,750.5302910983015,Nocturnal,2024-10-17,"{'insects': 0.6, 'rodents': 0.4}","['Strix aluco', 'Strix occidentalis']",47.8652075969143,-67.51512483528998,49.741096017160544,Forest,Cloudy,20.7532519230987,03:46,"{'insects': 0.6, 'rodents': 0.4}",insects,True,0.005751120029830459
Pica pica,Corvidae,Passeriformes,19.056354470454327,3.671977277019119,247.62964400992308,Diurnal,2025-01-26,"{'insects': 0.5, 'carrion': 0.3, 'seeds': 0.2}",['Pica hudsonia'],28.479244805782177,-71.1029332900868,451.73856712837136,Grassland,Rainy,13.655766956635038,11:36,"{'insects': 0.5, 'carrion': 0.3, 'seeds': 0.2}",insects,False,0.014828504445420818
Gavia immer,Gaviidae,Gaviiformes,79.48682781497203,9.110008376894427,4689.827575859793,Diurnal,2025-05-02,"{'fish': 0.9, 'crustaceans': 0.1}",['Gavia adamsii'],35.45071269116664,-100.12485696465264,117.28800331322694,Wetland,Rainy,23.002423990607227,08:12,"{'fish': 0.9, 'crustaceans': 0.1}",fish,False,0.0019425039043624703
Gavia immer,Gaviidae,Gaviiformes,67.06991924704316,9.996522648193825,4656.199277055049,Diurnal,2025-07-08,"{'fish': 0.9, 'crustaceans': 0.1}",['Gavia adamsii'],35.78832354653879,-81.08529569275355,190.30884964709577,Wetland,Foggy,19.58744119157968,13:06,"{'fish': 0.9, 'crustaceans': 0.1}",fish,False,0.0021469275804957434
Gavia immer,Gaviidae,Gaviiformes,75.72728464098488,9.416285111067344,4271.581620702443,Diurnal,2024-11-08,"{'fish': 0.9, 'crustaceans': 0.1}",['Gavia adamsii'],42.71034491743073,-116.7354683223713,192.4835558764252,Wetland,Foggy,11.43685231243708,16:48,"{'fish': 0.9, 'crustaceans': 0.1}",fish,False,0.0022044024783304684
Haemorhous mexicanus,Fringillidae,Passeriformes,10.155262313709176,0.9856824993741432,25.911515069720224,Diurnal,2025-06-15,{'seeds': 1.0},"['Haemorhous purpureus', 'Haemorhous cassinii']",34.04745009453964,-97.5374567713298,726.9708668257995,Urban,Cloudy,23.930433130063285,15:05,{'seeds': 1.0},seeds,False,0.03804032673203258
Haemorhous mexicanus,Fringillidae,Passeriformes,9.901957336390153,1.3608251376886884,16.527115560528017,Diurnal,2024-11-09,{'seeds': 1.0},"['Haemorhous purpureus', 'Haemorhous cassinii']",29.88623882967016,-112.21099852854952,552.1469117481389,Urban,Clear,20.145642439185146,16:20,{'seeds': 1.0},seeds,False,0.08233893765096975
Cygnus olor,Anatidae,Anseriformes,118.8916738923706,10.300631191793803,11014.250894901948,Diurnal,2024-12-11,"{'plants': 0.9, 'insects': 0.1}",['Cygnus atratus'],37.557557034717306,-112.70970917064948,117.9681319455339,Wetland,Rainy,18.676460098925556,16:35,"{'plants': 0.9, 'insects': 0.1}",plants,False,0.0009352094200579314
Pica pica,Corvidae,Passeriformes,18.646732182715084,3.413376281653529,247.835320254114,Diurnal,2025-07-16,"{'insects': 0.5, 'carrion': 0.3, 'seeds': 0.2}",['Pica hudsonia'],46.063173492499544,-124.45485227432856,458.16989363021753,Grassland,Rainy,19.256438377523025,13:02,"{'insects': 0.5, 'carrion': 0.3, 'seeds': 0.2}",insects,False,0.013772759581457872
Haemorhous mexicanus,Fringillidae,Passeriformes,8.16847997273712,1.314684614801358,22.177811092123036,Diurnal,2025-07-03,{'seeds': 1.0},"['Haemorhous purpureus', 'Haemorhous cassinii']",26.6282823577847,-72.38138319906378,411.1185455497092,Urban,Cloudy,18.449175781248226,15:35,{'seeds': 1.0},seeds,False,0.059279277352502054
Haemorhous mexicanus,Fringillidae,Passeriformes,8.93951701009869,1.2485250432156132,20.12435057398404,Diurnal,2025-09-03,{'seeds': 1.0},"['Haemorhous purpureus', 'Haemorhous cassinii']",27.881025960682827,-104.67600071289542,382.9347428255388,Urban,Windy,16.99166876869423,11:12,{'seeds': 1.0},seeds,False,0.06204051348765792
Haemorhous mexicanus,Fringillidae,Passeriformes,9.865364277322325,1.2083967084850076,27.575952270569186,Diurnal,2024-09-12,{'seeds': 1.0},"['Haemorhous purpureus', 'Haemorhous cassinii']",26.757640564014196,-107.7766850885266,491.7113886374793,Urban,Clear,31.495207730018492,09:18,{'seeds': 1.0},seeds,False,0.043820670148703646
